Airports,Jan,Feb,Mar,Apr,May,Jun,Jul,Aug,Sep,Oct,Nov ,Dec,YearNo,Airports1,Name2
DIBRUGARH,19953,18373,18771,18298,20139,19565,20536,18142,17201,19331,18667,19630,2011,DIBRUGARH,
MUMBAI,1794579,1701361,1692937,1653788,1938684,1735089,1687202,1676063,0,1748084,1854209,1901803,2011,MUMBAI,
INDORE,73023,72411,74331,79496,103125,95417,90058,89724,77095,89785,97877,102891,2011,INDORE,
LEH,17931,16785,23863,24504,41869,49366,49479,48279,34821,27322,17038,19249,2011,LEH,
JUHU,10038,9560,10513,11305,10959,12174,12166,0,0,0,0,0,2011,JUHU,
DELHI (DIAL),0,0,0,0,0,0,0,0,1795664,0,0,0,2011,DELHI,DIAL)
HYDERABAD (GHIAL),0,0,0,0,0,0,0,0,493969,0,0,0,2011,HYDERABAD,GHIAL)
PORTBLAIR,56071,46342,48166,46175,51726,49155,34836,30629,36579,57610,57797,66010,2011,PORTBLAIR,
KOLKATA,744696,661066,725728,668667,783923,777859,718013,625615,626175,795770,753886,827757,2011,KOLKATA,
CALICUT,19924,11348,17055,19397,19951,17099,18670,16421,21959,17656,17662,21243,2011,CALICUT,
BANGALORE (BIAL),0,0,0,0,0,0,0,0,791955,0,0,0,2011,BANGALORE,BIAL)
MUMBAI (MIAL),0,0,0,0,0,0,0,0,1580176,0,0,0,2011,MUMBAI,MIAL)
GAYA,0,0,0,0,0,0,0,0,0,0,1941,4421,2011,GAYA,
TRIVANDRUM,62133,62516,64871,67378,74512,71441,74065,80365,80548,83284,87809,105972,2011,TRIVANDRUM,
COCHIN,198849,161076,154679,170354,197334,167468,166744,169301,0,172609,188749,210805,2011,COCHIN,
MANGALORE,52039,43870,46022,46776,58275,46093,47611,45118,45829,49536,56482,62485,2011,MANGALORE,
AGARATALA,70263,73653,88252,69501,72783,71326,75924,71577,70229,80967,67315,77266,2011,AGARATALA,
CHENNAI,706307,646455,678031,664591,764416,741277,729841,699745,672837,696896,710496,786760,2011,CHENNAI,
HYDERABAD,518798,467368,484769,479465,564402,561094,534582,516767,0,577103,572755,595065,2011,HYDERABAD,
TIRUPATI,14628,13880,15354,13622,13395,15893,14796,15051,14912,21229,24843,28864,2011,TIRUPATI,
SRINAGAR,86901,97987,118133,124452,152793,169190,175589,119862,124970,149165,105447,113001,2011,SRINAGAR,
GUWAHATI,174215,148431,167160,169028,206399,190083,208408,173358,166873,208725,181369,205196,2011,GUWAHATI,
BHUBANESWAR,85026,77280,102045,95700,117781,117465,107866,101168,98234,70613,104902,117247,2011,BHUBANESWAR,
VISAKHAPATNAM,67133,60598,61175,61567,71525,79665,70858,69552,68878,89011,84512,93426,2011,VISAKHAPATNAM,
AURANGABAD,25805,27230,27618,28199,30234,31526,30003,30989,28809,31213,36288,40564,2011,AURANGABAD,
COCHIN (CIAL),0,0,0,0,0,0,0,0,169810,0,0,0,2011,COCHIN,CIAL)
SILCHAR,9650,14147,14230,12955,17974,19131,19850,17156,16150,18810,16831,17478,2011,SILCHAR,
LUCKNOW,111578,119903,137893,110491,148928,161053,143480,131676,116036,149843,151763,145793,2011,LUCKNOW,
PATNA,64983,66628,85743,70207,95806,98290,85414,73948,73026,78526,104294,84251,2011,PATNA,
NAGPUR (MIPL),0,0,0,0,0,0,0,0,97889,0,0,0,2011,NAGPUR,MIPL)
DELHI,1783725,1735747,2113001,2026758,2268703,2277153,2011619,1930933,0,2208410,2241666,2226195,2011,DELHI,
JAMMU,63968,75156,91016,82662,72106,72176,73979,67813,60297,70936,76200,73870,2011,JAMMU,
COIMBATORE,111258,94123,96370,97881,122581,109491,106907,99781,99969,99232,105465,106225,2011,COIMBATORE,
VARANASI,48131,49963,51026,44073,49500,47819,44649,48060,41107,59743,72289,64959,2011,VARANASI,
CHANDIGARH,28511,55654,66530,63287,73479,72375,66133,62119,55532,69609,70856,70563,2011,CHANDIGARH,
IMPHAL,50865,46744,55006,50561,54899,63902,61839,65604,66634,62294,62132,64524,2011,IMPHAL,
JAIPUR,130658,125887,122945,114846,131518,124965,120661,115241,105405,137698,152092,163454,2011,JAIPUR,
RAJKOT,22807,22074,19453,18155,20750,18806,18877,20557,18655,20972,22149,25680,2011,RAJKOT,
AMRITSAR,26963,35077,43350,36867,32727,34559,37174,42414,40033,51672,49392,49954,2011,AMRITSAR,
BANGALORE,819527,771715,779785,829040,947889,873931,871943,841899,0,891166,884514,938527,2011,BANGALORE,
BAGDOGRA,43114,40862,57130,64844,83012,85680,48169,42208,43707,65008,57306,58331,2011,BAGDOGRA,
PUNE,236354,228174,235154,236990,266990,261325,262586,264284,242098,254980,296750,302590,2011,PUNE,
AHMEDABAD,343045,317168,299862,281022,363014,314124,317563,309697,297712,355476,364509,375828,2011,AHMEDABAD,
VADODARA,58256,54340,50248,45085,62416,57195,47892,46917,44639,54541,63845,67695,2011,VADODARA,
MADURAI,43838,38427,39117,39825,44767,42073,41417,40406,40401,41035,44729,47357,2011,MADURAI,
JODHPUR,0,0,0,0,0,0,0,14176,14276,18505,25567,24966,2011,JODHPUR,
RANCHI,29293,30740,34991,31475,40192,40532,38044,36105,33664,43666,46008,48553,2011,RANCHI,
BHOPAL,30088,28401,29906,28508,29228,33210,32620,31445,30098,32955,35238,36924,2011,BHOPAL,
GOA,253348,234933,236499,219387,235300,204484,197626,208933,209071,251923,280127,298631,2011,GOA,
TRICHY,8414,5782,6007,0,0,0,0,8098,8310,7798,9403,11873,2011,TRICHY,
UDAIPUR,37173,36785,34346,22759,21610,22454,23521,24607,22606,28806,35952,42466,2011,UDAIPUR,
RAIPUR,46929,47439,64836,58237,73455,71132,62496,60924,53352,67013,69413,75005,2011,RAIPUR,
NAGPUR,110179,97431,103520,98170,132722,125256,118566,94980,0,122972,128797,134048,2011,NAGPUR,
DIBRUGARH,20540,19773,20043,21861,19453,19794,20629,17765,16181,19369,19901,20224,2012,DIBRUGARH,
MUMBAI,1869016,1748267,1651227,0,0,0,0,0,0,0,0,0,2012,MUMBAI,
INDORE,102333,95347,87581,92545,95943,98221,85047,79639,71543,78010,89822,102716,2012,INDORE,
LEH,15617,20251,25627,28870,44880,47723,45309,41375,27166,21806,16396,19544,2012,LEH,
DELHI (DIAL),0,0,0,2075169,2262913,2210184,1805416,1639536,1477141,1599239,1782653,1977246,2012,DELHI,DIAL)
HYDERABAD (GHIAL),0,0,0,521332,550176,534436,500976,506816,442627,480121,504193,559154,2012,HYDERABAD,GHIAL)
PORTBLAIR,62470,62497,55551,53832,71250,57037,29922,35835,43255,57777,64801,73221,2012,PORTBLAIR,
KOLKATA,787534,694758,677932,720270,786581,759080,755310,784383,569820,716193,663419,744981,2012,KOLKATA,
CALICUT,20061,18577,18065,24808,32397,26164,27989,29598,27354,20862,28462,25940,2012,CALICUT,
BANGALORE (BIAL),0,0,0,829477,873928,789159,739505,759854,667588,748755,788489,853529,2012,BANGALORE,BIAL)
GAYA,4267,3036,2478,0,0,0,0,0,3515,5818,4225,3496,2012,GAYA,
MUMBAI (MIAL),0,0,0,1751772,1825668,1647164,1476792,1507970,1395597,1538283,1811259,1928503,2012,MUMBAI,MIAL)
TRIVANDRUM,98960,79169,75404,84182,97777,83265,75492,86284,76675,74700,83289,91632,2012,TRIVANDRUM,
COCHIN,197829,174140,145870,0,0,0,0,0,0,0,0,0,2012,COCHIN,
MANGALORE,59267,57667,51388,66654,69947,59495,57992,57842,53908,55448,61165,72593,2012,MANGALORE,
AGARATALA,64486,57041,58181,0,0,0,0,0,0,0,0,0,2012,AGARATALA,
CHENNAI,774641,707531,668149,681454,785516,701915,660767,650614,620373,643711,676659,757314,2012,CHENNAI,
HYDERABAD,574464,529942,515394,0,0,0,0,0,0,0,0,0,2012,HYDERABAD,
TIRUPATI,26262,25550,26264,21637,22962,25597,27167,30493,20209,18782,21316,25683,2012,TIRUPATI,
SRINAGAR,114233,130698,152698,173329,219216,223658,188794,128905,130770,209325,132945,127428,2012,SRINAGAR,
GUWAHATI,195166,159574,162126,192797,185930,186041,185118,136954,127518,164014,167943,198420,2012,GUWAHATI,
BHUBANESWAR,111795,106184,101085,110832,128028,127453,106013,104253,92119,114653,112570,133788,2012,BHUBANESWAR,
VISAKHAPATNAM,95954,86155,86534,85081,94054,86885,78969,81378,63353,78858,75557,95203,2012,VISAKHAPATNAM,
AURANGABAD,39753,36212,34341,35274,40956,39552,33795,33998,31654,32080,34510,38559,2012,AURANGABAD,
COCHIN (CIAL),0,0,0,167409,178262,152346,140490,161415,146042,138916,161715,209706,2012,COCHIN,CIAL)
SILCHAR,18146,17635,17201,17972,17827,17666,19389,16912,16424,17415,19725,17953,2012,SILCHAR,
LUCKNOW,134939,135392,134026,139878,146068,156267,124594,109865,100465,114263,155224,161393,2012,LUCKNOW,
PATNA,76989,82679,80205,96160,92448,108426,86548,80843,67830,82001,89224,76306,2012,PATNA,
NAGPUR (MIPL),0,0,0,109022,117223,114955,91843,82604,78410,84014,78410,121765,2012,NAGPUR,MIPL)
DELHI,2042683,2039133,2063039,0,0,0,0,0,0,0,0,0,2012,DELHI,
JAMMU,68383,80997,89170,86693,89384,89845,79004,58316,56412,61478,71917,73115,2012,JAMMU,
COIMBATORE,112317,101012,82246,104197,123295,105256,95996,92170,82730,86131,95882,104420,2012,COIMBATORE,
VARANASI,67147,67340,77238,58962,48286,53446,44486,46992,42570,57135,68741,69570,2012,VARANASI,
CHANDIGARH,55481,70305,72354,67582,70041,68961,68927,64997,66372,79238,87176,72685,2012,CHANDIGARH,
IMPHAL,60285,52212,57820,57820,60362,61354,61323,52821,49066,45229,56027,42701,2012,IMPHAL,
JAIPUR,154555,160492,114846,151168,141862,91194,114479,114491,104187,123235,145263,159536,2012,JAIPUR,
RAJKOT,29740,22074,24948,25259,24592,23036,18766,20820,17072,20633,26579,27760,2012,RAJKOT,
AMRITSAR,47353,35057,36235,47501,33444,31470,33720,35363,34053,44907,55898,55067,2012,AMRITSAR,
BANGALORE,889073,843700,741025,0,0,0,0,0,0,0,0,0,2012,BANGALORE,
BAGDOGRA,53510,48228,60714,67256,73194,75570,43386,32158,30595,48808,57302,55205,2012,BAGDOGRA,
PUNE,295607,283349,261802,272850,284590,272437,258369,254685,231447,236121,274134,295475,2012,PUNE,
AHMEDABAD,348585,336373,286249,299055,331905,293626,240685,236081,217259,239129,296974,302847,2012,AHMEDABAD,
MADURAI,48185,41239,40314,40292,50226,48108,43954,44463,37264,0,0,0,2012,MADURAI,
VADODARA,68971,63383,47362,59545,69021,61118,53065,47647,44024,46792,60394,63418,2012,VADODARA,
JODHPUR,23256,25358,18776,19774,16422,17359,15970,16223,16623,20082,25954,28933,2012,JODHPUR,
RANCHI,43081,42989,41144,42266,38146,40452,35063,32180,30006,36878,40628,45444,2012,RANCHI,
BHOPAL,43581,41394,41513,43088,44393,44534,37675,37479,34647,36042,35829,46896,2012,BHOPAL,
GOA,305219,279486,253103,241844,231610,210147,174373,201279,196053,227404,251359,285506,2012,GOA,
TRICHY,14617,14026,11842,12261,11195,7797,7470,7715,6590,6486,6250,6939,2012,TRICHY,
AGARTALA,0,0,0,62917,73401,66129,66916,63326,57547,67408,70734,78405,2012,AGARTALA,
UDAIPUR,45457,44354,36284,25431,21881,22790,22616,25749,24097,29363,34765,38308,2012,UDAIPUR,
RAIPUR,78285,71475,61900,75173,85400,66193,63291,54913,54442,59629,71436,74510,2012,RAIPUR,
NAGPUR,117434,105873,100332,0,0,0,0,0,0,0,0,0,2012,NAGPUR,
HYDERABAD (GHIAL),527323,508381,517762,508895,561891,498992,508085,581018,477732,507916,490456,559722,2013,HYDERABAD,GHIAL)
DIBRUGARH,19754,16675,19149,19269,21931,20437,21076,20544,17337,20637,19491,20497,2013,DIBRUGARH,
INDORE,99193,93210,93159,87762,100174,89916,87730,97492,81275,85354,90440,105223,2013,INDORE,
DELHI (DIAL),1868512,1864421,2062026,2004892,2229176,2077189,1954016,1962946,1745344,1998954,2050418,2129344,2013,DELHI,DIAL)
LEH,16152,16044,22368,27413,38866,40454,37144,35819,28259,21736,18071,20626,2013,LEH,
PORTBLAIR,76021,69005,71527,70777,76060,61763,35248,42705,47385,66641,62235,79641,2013,PORTBLAIR,
KOLKATA,708781,673915,664374,734675,748744,705545,663849,682838,648860,585399,669164,772450,2013,KOLKATA,
CALICUT,23466,20633,23714,24711,26475,23819,22309,27149,25906,22662,21599,26559,2013,CALICUT,
BANGALORE (BIAL),829996,795529,813444,860803,932333,802981,829378,917538,756552,871926,851374,925303,2013,BANGALORE,BIAL)
MUMBAI (MIAL),1862373,1751411,1780159,1780940,1992150,1689259,1703153,1915069,1656203,1724398,1889104,2007117,2013,MUMBAI,MIAL)
GAYA,2972,2220,3148,294,0,0,0,0,0,2906,5639,4425,2013,GAYA,
TRIVANDRUM,92056,74097,69165,83939,90131,79886,75163,88382,80437,64209,78209,93692,2013,TRIVANDRUM,
MANGALORE,71670,64783,72835,79403,89862,69618,69024,72704,59972,64020,64068,77220,2013,MANGALORE,
CHENNAI,734087,678672,723259,695624,770140,677283,677394,732065,668006,653468,669332,764200,2013,CHENNAI,
TIRUPATI,23757,23072,25873,21149,21627,20153,24005,29166,0,0,0,0,2013,TIRUPATI,
COCHIN(CIAL),0,0,0,183921,188269,159223,144409,179477,173191,157861,188570,222377,2013,COCHIN,CIAL)
SRINAGAR,106039,114396,146305,173298,214584,238524,199124,160442,141433,178102,126294,123372,2013,SRINAGAR,
GUWAHATI,185769,162031,162577,181492,186893,187480,198291,175191,146452,202161,174274,209276,2013,GUWAHATI,
VISAKHAPATNAM,90103,78201,75414,69963,90612,81428,75417,85848,61844,80957,74055,88891,2013,VISAKHAPATNAM,
BHUBANESWAR,126659,110110,123241,114042,135883,120684,107006,114577,95501,112512,96706,116866,2013,BHUBANESWAR,
COCHIN (CIAL),187347,159350,158068,0,0,0,0,0,0,0,0,0,2013,COCHIN,CIAL)
AURANGABAD,38418,37216,40092,34725,39508,36076,32600,38246,33102,33282,38957,39824,2013,AURANGABAD,
DEHRADUN,0,0,0,0,0,0,0,0,24133,28474,26526,25263,2013,DEHRADUN,
SILCHAR,19589,18326,19537,0,0,0,0,0,0,0,0,0,2013,SILCHAR,
LUCKNOW,136055,158574,136834,146990,180202,155387,147676,159010,129023,137547,180142,169205,2013,LUCKNOW,
PATNA,67693,73474,82216,85908,95443,88111,82519,87189,73190,88218,103503,85066,2013,PATNA,
NAGPUR (MIPL),107654,111900,95780,100534,127872,108870,102550,107264,87915,92269,107416,113478,2013,NAGPUR,MIPL)
JAMMU,52224,65960,77723,78401,79551,79125,63588,63830,54139,63503,71941,72571,2013,JAMMU,
COIMBATORE,112559,89539,93232,98080,113530,96679,87568,94326,92902,87615,92292,100748,2013,COIMBATORE,
VARANASI,73994,89680,84644,54058,58726,52339,45579,52835,46280,60674,75106,66645,2013,VARANASI,
CHANDIGARH,54454,83544,97682,94612,103139,94230,88181,93347,83455,92756,84486,82150,2013,CHANDIGARH,
IMPHAL,61469,49877,56181,48855,54717,57143,58881,56711,47863,51356,48038,52622,2013,IMPHAL,
JAIPUR,145599,141403,142374,128032,146597,126211,128153,135715,126698,142755,162376,170188,2013,JAIPUR,
RAJKOT,28926,25639,24198,23342,27120,21368,21696,25527,22454,24425,28676,29883,2013,RAJKOT,
AMRITSAR,55456,60891,64749,57526,54999,46855,45768,50429,0,0,0,0,2013,AMRITSAR,
BAGDOGRA,47184,40760,67570,50793,57262,79359,46792,19779,41503,53866,56922,68541,2013,BAGDOGRA,
VADODARA,62039,55445,52564,52655,63902,52804,51947,52401,48766,51170,57825,62037,2013,VADODARA,
PUNE,285970,278913,280302,285369,320239,291729,291487,312548,272190,273260,292814,326941,2013,PUNE,
AHMEDABAD,316404,295439,274671,285345,355236,277074,269969,298612,251520,260511,328030,353426,2013,AHMEDABAD,
JODHPUR,28935,28156,26618,22339,23332,20226,21698,23879,20911,24246,28126,30665,2013,JODHPUR,
MADURAI,0,0,50386,45005,50097,46237,40974,42598,39743,39820,43690,51766,2013,MADURAI,
RANCHI,39303,38472,38460,37212,43538,40043,37900,43841,37536,47066,46487,47258,2013,RANCHI,
BHOPAL,42753,43188,41901,42513,46313,42892,39434,41022,32244,30812,30627,30452,2013,BHOPAL,
GOA,304217,277846,284784,253766,258739,217457,191491,250830,233497,252646,273197,302697,2013,GOA,
TRICHY,7730,8161,8013,8439,9600,9529,10059,10582,10444,8930,9284,11023,2013,TRICHY,
AGARTALA,69880,52341,62101,59266,59266,68091,72159,73180,61385,76494,65766,75416,2013,AGARTALA,
RAIPUR,71323,66381,67900,67759,84977,71071,68975,69142,61913,66547,71808,75257,2013,RAIPUR,
UDAIPUR,38228,38790,38300,30033,28355,26748,30695,32648,31934,33882,44088,45318,2013,UDAIPUR,
HYDERABAD (GHIAL),506926,498242,510929,520019,597327,592622,582050,680807,657544,626986,630653,721131,2014,HYDERABAD,GHIAL)
DIBRUGARH,20911,19762,24192,29041,26940,26387,27302,22975,24241,28868,24496,31229,2014,DIBRUGARH,
INDORE,98887,91407,94078,94281,108428,106762,90559,113827,114801,119106,107054,126867,2014,INDORE,
DELHI (DIAL),1857580,1948233,2237585,2161741,2388151,2383844,2098004,2185771,2191205,2271156,2254800,2405280,2014,DELHI,DIAL)
LEH,18469,19617,23527,32513,50140,55313,46906,43058,38386,25518,19400,21158,2014,LEH,
PORTBLAIR,78278,67696,68580,65316,75122,64434,41537,48159,57484,76559,75796,81391,2014,PORTBLAIR,
KOLKATA,787509,739276,660206,690037,762135,736090,656936,711300,749570,813636,743125,827224,2014,KOLKATA,
CALICUT,25128,19254,20099,26072,26234,23732,23114,27115,26212,22499,21704,22739,2014,CALICUT,
BANGALORE (BIAL),861133,803584,821573,889526,999493,918553,927356,1038824,1093279,1085058,1046229,1160624,2014,BANGALORE,BIAL)
MUMBAI (MIAL),1866477,1802769,1854047,1891997,2155202,1939099,1767718,1995326,2030720,2124552,2093230,2343268,2014,MUMBAI,MIAL)
GAYA,5583,4146,5685,3580,0,0,0,0,273,3635,4410,6415,2014,GAYA,
TRIVANDRUM,90758,79580,81585,82413,90989,81648,77022,88295,95293,96867,91117,111665,2014,TRIVANDRUM,
MANGALORE,70693,62137,62646,65699,70476,66366,66002,78585,71729,74173,70949,67339,2014,MANGALORE,
CHENNAI,714088,657684,679094,689365,809313,757479,764164,829938,841070,781607,795606,861464,2014,CHENNAI,
TIRUPATI,0,0,26635,0,0,0,0,0,0,0,0,0,2014,TIRUPATI,
COCHIN(CIAL),181685,171484,160315,185429,212776,175750,172540,236039,246949,246613,272072,267510,2014,COCHIN,CIAL)
SRINAGAR,116980,123173,190480,227402,259644,267074,223280,223274,216071,118425,110430,111214,2014,SRINAGAR,
GUWAHATI,190159,159929,160614,181599,175208,179978,186453,165454,181766,193892,175052,194004,2014,GUWAHATI,
VISAKHAPATNAM,79710,73264,78459,81750,97779,88233,4548,93542,91992,64255,77996,93681,2014,VISAKHAPATNAM,
BHUBANESWAR,111987,102870,109047,105306,124066,120762,80675,106659,104032,116337,135754,160578,2014,BHUBANESWAR,
AURANGABAD,37292,37129,40722,38747,41018,40879,36055,41414,0,0,0,0,2014,AURANGABAD,
DEHRADUN,22832,26234,0,0,0,0,30905,26804,29015,35025,34427,31882,2014,DEHRADUN,
TIRUPATHI,0,0,0,16926,17610,17815,18939,21660,18219,20439,21143,24798,2014,TIRUPATHI,
LUCKNOW,141142,158771,167049,156016,181004,195139,150756,171249,0,0,0,0,2014,LUCKNOW,
PATNA,72331,85492,97157,90637,110639,112421,93290,95002,91879,104507,104525,96805,2014,PATNA,
NAGPUR (MIPL),95491,89825,86772,88334,122624,125254,95771,115366,111115,111390,109450,133318,2014,NAGPUR,MIPL)
JAMMU,64485,70515,83917,80183,72515,77732,72269,75252,78106,76203,80393,84010,2014,JAMMU,
COIMBATORE,93254,82580,85169,0,0,0,101106,106361,115093,104852,106165,124053,2014,COIMBATORE,
VARANASI,65351,72324,86057,71118,80071,75205,62408,72071,71607,89088,89995,89843,2014,VARANASI,
CHANDIGARH,60809,78027,95040,100691,113273,104534,91338,95607,112833,108934,104598,79088,2014,CHANDIGARH,
IMPHAL,50506,46417,54461,47445,55914,57814,48137,38637,51663,50014,51850,48913,2014,IMPHAL,
JAIPUR,151966,154896,149524,135376,141518,139744,126104,136918,133617,166594,150805,182431,2014,JAIPUR,
RAJKOT,27546,27546,26858,26153,28354,24279,21361,23016,26290,28951,34588,37574,2014,RAJKOT,
AMRITSAR,0,0,85386,74265,65064,60800,57675,58185,63965,57958,63647,55675,2014,AMRITSAR,
BAGDOGRA,53220,58104,83535,87887,118656,107369,62435,62913,78223,94731,80834,80088,2014,BAGDOGRA,
MADURAI,48450,43963,44284,44346,44450,43583,43555,46173,44456,43312,39697,35660,2014,MADURAI,
PUNE,284539,268432,275995,293163,347398,320998,305560,339492,336625,335229,341132,371889,2014,PUNE,
AHMEDABAD,306521,300910,278382,276721,328798,283584,256289,300538,313978,326272,330730,349183,2014,AHMEDABAD,
VADODARA,67458,65684,59581,58940,70013,62358,56925,57425,53150,60476,56300,63283,2014,VADODARA,
JODHPUR,29688,29348,29285,24158,24377,23577,22464,22828,23669,26196,26573,26819,2014,JODHPUR,
BHOPAL,35721,26545,27322,25715,28721,34803,32878,32137,32383,33473,25762,44987,2014,BHOPAL,
RANCHI,42236,42738,44602,43361,57412,56234,25283,49647,49319,52174,46487,65562,2014,RANCHI,
GOA,312291,280302,436282,290881,290395,272480,246299,285686,317752,330822,351024,380758,2014,GOA,
TRICHY,12049,10511,9063,5896,6512,6862,6526,7190,8207,8127,8327,9659,2014,TRICHY,
AGARTALA,70104,61568,65411,61777,76003,72593,71689,72911,71689,79305,71354,71742,2014,AGARTALA,
RAIPUR,69736,69520,62829,69860,84345,77708,67658,71015,74342,78189,77299,84648,2014,RAIPUR,
UDAIPUR,42531,43881,45000,35806,33089,33311,32814,34815,36764,40190,41343,41926,2014,UDAIPUR,
PORBANDAR,0,0,0,1225,1105,1090,1149,1130,1261,1257,1424,1460,2015,PORBANDAR,
DIBRUGARH,28375,24304,25102,27002,28484,26975,28254,23641,22689,26935,27318,28917,2015,DIBRUGARH,
INDORE,122044,118671,128337,141519,143919,135368,126812,141436,136018,138442,136110,156209,2015,INDORE,
LEH,22491,23118,25210,32872,48223,47404,42482,41416,39241,29541,25584,21455,2015,LEH,
MUMBAI (MIAL),2311493,2254077,2298593,2418961,2567032,2268381,2329524,0,2372492,2419774,2589297,0,2015,MUMBAI,MIAL)
GAYA,6010,4627,4784,3393,1723,1546,1381,1327,1415,4136,5600,8087,2015,GAYA,
GUGGAL(KANGRA),0,0,0,5307,6735,8363,5885,5241,6147,7686,5605,6618,2015,GUGGAL,KANGRA)
AGRA,0,0,0,444,81,8,0,421,117,961,1686,1284,2015,AGRA,
BELGAUM,0,0,0,8481,11561,11023,12623,12250,12098,12348,11399,11777,2015,BELGAUM,
CHENNAI,857197,780480,824352,843560,913382,808419,834565,862049,840426,849918,851041,706003,2015,CHENNAI,
HYDERABAD,0,0,0,0,0,0,0,750248,0,0,0,856682,2015,HYDERABAD,
SRINAGAR,114194,116691,146987,178465,233982,232588,224703,197924,188025,192544,152955,169909,2015,SRINAGAR,
LAKHIMPUR (LILABARI),0,0,0,0,687,662,548,339,475,672,844,459,2015,LAKHIMPUR,LILABARI)
BHUBANESWAR,147675,130826,132587,139794,157589,148606,135722,134612,135177,154001,162965,180223,2015,BHUBANESWAR,
VISAKHAPATNAM,91668,86454,94885,111920,130952,118138,134238,132981,128955,145082,135328,155780,2015,VISAKHAPATNAM,
SILCHAR,0,0,0,17258,9664,17387,18957,17970,17525,17139,17451,16782,2015,SILCHAR,
LUCKNOW,0,0,0,193795,220302,234043,211752,215182,203803,224630,233061,232972,2015,LUCKNOW,
LENGPUI(AIZWAL),0,0,0,13724,14407,13822,15042,14947,14251,14612,14718,15020,2015,LENGPUI,AIZWAL)
CHANDIGARH,66331,105731,121920,124387,147531,138381,127075,122939,127674,125936,128123,116903,2015,CHANDIGARH,
BAGDOGRA,64329,69654,85162,96691,108922,77282,71880,79046,71001,77754,95895,96995,2015,BAGDOGRA,
PANTNAGAR,0,0,0,823,1029,736,437,234,499,894,963,609,2015,PANTNAGAR,
RANCHI,61604,60722,60524,57653,65719,68824,59516,56756,57308,57635,56205,67427,2015,RANCHI,
AGARTALA,77795,71349,75770,71104,81541,76150,75726,77079,57925,82442,77289,70497,2015,AGARTALA,
TUTICORIN,0,0,0,4895,8054,7881,8787,8569,8044,8107,7532,6066,2015,TUTICORIN,
HYDERABAD (GHIAL),691672,646536,658248,698406,761255,702905,753686,0,702794,787150,778865,0,2015,HYDERABAD,GHIAL)
SHOLAPUR,0,0,0,0,0,0,0,0,0,0,0,0,2015,SHOLAPUR,
TRIVANDRUM,102024,83118,80467,88811,97148,88811,88925,97982,89954,94777,95076,102791,2015,TRIVANDRUM,
MYSORE,0,0,0,0,0,0,0,1,431,579,179,0,2015,MYSORE,
PATNA,83500,95866,113469,128530,139535,131979,127659,124281,119204,127561,141525,132292,2015,PATNA,
NAGPUR (MIPL),120791,113670,109237,114677,135852,130099,116966,0,114217,120098,133789,0,2015,NAGPUR,MIPL)
JAMMU,79598,82258,94092,94013,96689,83666,88140,81592,100807,87840,96951,96984,2015,JAMMU,
VARANASI,86183,83634,89165,82756,91955,82556,75618,77054,86767,110120,144155,139446,2015,VARANASI,
RAJKOT,36207,33915,30648,37245,35753,32156,32169,31764,31344,31840,35910,38675,2015,RAJKOT,
VADODARA,62076,58044,53428,65429,83366,70482,68352,71709,72581,70483,84671,91190,2015,VADODARA,
ALLAHABAD,0,0,0,5355,8161,6319,0,4203,4276,4687,4014,3854,2015,ALLAHABAD,
UDAIPUR,42574,42651,42716,39338,36402,33868,40597,43650,40936,45545,81190,90552,2015,UDAIPUR,
KOLKATA,801878,739406,783325,803053,901362,824805,799060,771799,769924,829909,891750,992669,2015,KOLKATA,
JAMNAGAR,0,0,0,6054,8646,6689,5813,6094,5902,6205,8017,8588,2015,JAMNAGAR,
CALICUT,27179,24908,25403,31423,39471,27300,29123,32625,26615,26721,30716,33561,2015,CALICUT,
DIU,0,0,0,2032,2263,1279,1361,2110,1690,2170,2752,3791,2015,DIU,
BANGALORE (BIAL),1126792,1065905,1116941,1208706,1292982,1184267,1277026,0,1207497,1332640,1325623,0,2015,BANGALORE,BIAL)
BHAVNAGAR,0,0,0,0,0,3803,4236,4147,3398,2856,3131,3517,2015,BHAVNAGAR,
MANGALORE,68533,61371,68153,73894,76092,71150,76722,76889,71690,97167,91552,104373,2015,MANGALORE,
COCHIN(CIAL),256561,224195,217483,246846,263767,232743,243604,261119,241234,237367,256845,278249,2015,COCHIN,CIAL)
JORHAT,0,0,0,5019,4756,4030,4873,4632,4315,4285,3934,4333,2015,JORHAT,
DEHRADUN,26563,28922,35776,38635,41583,38705,36444,36534,36874,39490,35060,33850,2015,DEHRADUN,
SURAT,0,0,0,4570,4620,4705,4414,4166,3057,4998,10930,12461,2015,SURAT,
BARAPANI (SHILLONG),0,0,0,1293,1399,1407,742,428,646,1598,1325,504,2015,BARAPANI,SHILLONG)
DELHI,0,0,0,0,0,0,0,2657192,0,0,0,3088283,2015,DELHI,
RAJAHMUNDRY,0,0,0,12407,12972,11840,22960,19478,18956,22231,20407,22424,2015,RAJAHMUNDRY,
COIMBATORE,90843,115588,126936,130271,141857,129212,125638,128393,125938,125906,130322,129980,2015,COIMBATORE,
IMPHAL,52796,48280,55927,52793,59703,63528,61390,58195,60705,63722,65817,72094,2015,IMPHAL,
JAIPUR,178931,180866,184207,183831,195668,186450,190323,197434,200781,209285,227342,244825,2015,JAIPUR,
AMRITSAR,58100,64482,69909,71572,65220,61379,65689,67657,73839,77526,78691,82716,2015,AMRITSAR,
BANGALORE,0,0,0,0,0,0,0,1279147,0,0,0,1421886,2015,BANGALORE,
MADURAI,38546,35309,37044,38055,40653,37660,45109,47055,46851,47996,53710,47229,2015,MADURAI,
PUNE,365115,352528,358572,401146,427925,398740,422008,424137,415742,424958,433152,453101,2015,PUNE,
GWALIOR,0,0,0,743,715,682,601,653,692,723,3,298,2015,GWALIOR,
BHOPAL,39014,40715,43620,47888,52630,50071,53080,54941,52834,53595,60354,67890,2015,BHOPAL,
DIMAPUR,0,0,0,6425,8884,9764,9684,7826,7566,9646,10082,12425,2015,DIMAPUR,
NAGPUR,0,0,0,0,0,0,0,116094,0,0,0,147160,2015,NAGPUR,
JUHU,0,0,0,15070,14874,13050,14771,14028,13618,14758,13854,14842,2015,JUHU,
MUMBAI,0,0,0,0,0,0,0,2392728,0,0,0,2770303,2015,MUMBAI,
DELHI (DIAL),2313095,2331085,2466999,2592177,2838921,2732359,2719397,0,2617466,2798462,2939518,0,2015,DELHI,DIAL)
KHAJURAHO,0,0,0,4502,1257,949,1642,2771,2411,6334,8851,7299,2015,KHAJURAHO,
PORTBLAIR,81650,70442,77983,76550,73437,65170,51412,56037,58606,76990,79779,77592,2015,PORTBLAIR,
HUBLI,0,0,0,1535,3037,2161,2705,2917,2725,3013,4177,4583,2015,HUBLI,
TIRUPATI,0,0,0,19438,26190,26617,31446,35299,31879,31116,32317,34687,2015,TIRUPATI,
GUWAHATI,187006,184386,201795,216580,217740,221999,222849,240043,206617,226958,218301,248249,2015,GUWAHATI,
AURANGABAD,0,0,0,23806,23693,20655,22442,26018,24984,24804,25739,27390,2015,AURANGABAD,
TIRUPATHI,23327,20208,23965,0,0,0,0,0,0,0,0,0,2015,TIRUPATHI,
VIJAYAWADA,0,0,0,30492,29945,31245,34900,30100,28591,30933,30737,33732,2015,VIJAYAWADA,
BHUNTAR,0,0,0,2046,2598,1926,1284,960,1618,2103,1764,1761,2015,BHUNTAR,
BHUJ,0,0,0,13252,11823,9653,10835,11775,11516,12336,13603,15075,2015,BHUJ,
JODHPUR,26617,24653,24246,22601,23655,22031,24038,25749,24343,26126,26155,27788,2015,JODHPUR,
KANPUR(Chakeri),0,0,0,0,0,14,0,8,7,33,88,33,2015,KANPUR,Chakeri)
AHMEDABAD,377504,351352,342802,380196,425985,362289,355171,360113,378121,389008,438515,455776,2015,AHMEDABAD,
GORKHPUR,0,0,0,0,0,0,0,0,590,2376,1215,0,2015,GORKHPUR,
GOA,385678,367796,380520,326321,301670,319480,355682,368685,393469,393937,417625,466049,2015,GOA,
TRICHY,10103,9764,9771,8773,15120,13196,13105,14978,13366,12115,12108,7153,2015,TRICHY,
AGATTI,0,0,0,3583,2765,2549,1734,1838,2225,2597,2264,2487,2015,AGATTI,
JABALPUR,0,0,0,9418,9780,0,20250,19843,19499,20001,19737,3194,2015,JABALPUR,
RAIPUR,81344,79270,79826,97717,109820,99449,89336,91142,87794,99791,104509,113993,2015,RAIPUR,
MUNDRA,0,0,0,0,0,0,0,0,0,0,0,0,2016,MUNDRA,
AGRA,1547,1541,1455,1021,115,0,78,120,255,1293,1649,1438,2016,AGRA,
PANTNAGAR,378,795,519,1100,885,524,864,1174,1172,1207,1578,851,2016,PANTNAGAR,
MUMBAI (MIAL),2689319,2583068,2645054,2653397,2865163,2550670,2765306,2756693,2686052,2636181,2669327,2955907,2016,MUMBAI,MIAL)
TRIVANDRUM,113330,103542,134940,122266,133954,121907,132070,132211,136827,127392,136746,143683,2016,TRIVANDRUM,
DIMAPUR,10790,8738,9926,9802,11262,11894,12389,10591,10060,12241,11957,16477,2016,DIMAPUR,
PORBANDAR,1766,1424,1325,0,0,176,187,222,183,195,168,180,2016,PORBANDAR,
IMPHAL,68722,66398,73732,70453,71246,73284,71444,66581,69690,73477,74358,83246,2016,IMPHAL,
SRINAGAR,163964,170205,198935,237565,277434,264253,209935,151772,142539,143251,94002,124543,2016,SRINAGAR,
AHMEDABAD,471780,443806,450813,420794,443740,395867,436470,463899,423967,440552,519230,540777,2016,AHMEDABAD,
CUDDAPAH,0,0,0,481,1041,254,206,335,69,214,270,72,2016,CUDDAPAH,
PORTBLAIR,83127,81419,90838,93885,102570,87393,70557,74478,76352,112997,118930,125539,2016,PORTBLAIR,
LEH,23376,26839,30108,43334,63695,69178,64929,63005,58052,41232,26706,28430,2016,LEH,
PATNA,126347,129885,155215,160930,155071,151883,165692,155647,151182,181218,215068,186704,2016,PATNA,
PONDICHERRY,0,0,0,0,13,0,0,0,0,0,0,0,2016,PONDICHERRY,
CHANDIGARH,101346,130572,143261,118855,140553,152556,144980,137254,134326,152170,159968,131880,2016,CHANDIGARH,
BHUNTAR,2032,2440,2376,2759,2394,2344,2102,1825,2307,2559,2048,566,2016,BHUNTAR,
COIMBATORE,136655,129372,126548,142251,163055,152670,168216,168032,163312,156709,161943,173565,2016,COIMBATORE,
COCHIN(CIAL),293945,267191,273043,286164,326345,273932,315940,321929,325624,334232,355452,393596,2016,COCHIN,CIAL)
JAIPUR,223830,222822,241393,246699,262532,241240,280589,279080,261191,277592,303803,304769,2016,JAIPUR,
BELGAUM,8410,7401,8406,8113,9163,8114,8379,8851,8590,8286,6439,8299,2016,BELGAUM,
HYDERABAD (GHIAL),830614,790913,824748,852645,914955,846234,954681,974079,908581,993542,1022841,1094831,2016,HYDERABAD,GHIAL)
RAIPUR,109067,101058,103248,106633,118311,111845,111409,107261,101551,111655,119351,136339,2016,RAIPUR,
GAYA,6668,7634,6389,5587,5091,4808,5214,4391,6224,6437,1009,7167,2016,GAYA,
VADODARA,87900,82443,82510,88713,106975,89320,93954,94938,86785,88594,88655,96881,2016,VADODARA,
GUWAHATI,241637,237168,248982,257877,272056,269505,293220,268525,291896,330620,327314,382618,2016,GUWAHATI,
GORKHPUR,455,1641,4944,3102,2869,2788,2867,2900,2847,9752,8808,0,2016,GORKHPUR,
VISAKHAPATNAM,163016,159164,167465,172444,182661,168558,181743,197548,177472,197219,195326,213120,2016,VISAKHAPATNAM,
HUBLI,4651,4378,3091,4419,3861,2618,2847,1061,1167,1310,1501,1838,2016,HUBLI,
JAMNAGAR,8273,7292,6830,8342,8819,7618,8420,8318,7288,6511,4713,6317,2016,JAMNAGAR,
CHENNAI,937924,921892,971769,989577,1095535,1003191,1119084,1098344,1081196,1084052,1121760,1104822,2016,CHENNAI,
RANCHI,66618,58070,62584,64797,73352,70888,75457,75349,73549,91904,97512,107375,2016,RANCHI,
DELHI (DIAL),2977333,3040618,3270267,3271591,3567065,3347942,3477225,3360871,3358251,3478193,3624668,3745169,2016,DELHI,DIAL)
GWALIOR,1227,1063,1186,1468,1244,1210,1539,1153,1142,1418,1549,1129,2016,GWALIOR,
MANGALORE,87200,91060,89193,116629,90047,79721,90678,85090,77488,79795,74150,86051,2016,MANGALORE,
SURAT,12035,11691,12695,13045,14162,12504,13850,13684,13279,14862,15194,19883,2016,SURAT,
JODHPUR,27154,26602,25617,24270,24130,23457,25263,23710,24074,22669,33247,35590,2016,JODHPUR,
BAGDOGRA,88657,78698,104604,101071,123196,126087,105735,98651,105592,125040,130530,142799,2016,BAGDOGRA,
BHUBANESWAR,180407,169532,180911,161521,174695,157959,157055,152068,156560,211539,201596,251454,2016,BHUBANESWAR,
DIU,3151,3368,2822,1687,1730,1361,1195,1240,1249,1527,1017,2084,2016,DIU,
BARAPANI (SHILLONG),292,746,1185,1005,0,1284,976,901,1085,1392,1214,1242,2016,BARAPANI,SHILLONG)
SILCHAR,16960,17019,16743,13538,14285,13478,13832,13377,12659,19851,20861,23201,2016,SILCHAR,
DIBRUGARH,26911,25443,27077,24721,25488,24833,26693,23501,20798,25127,26220,28370,2016,DIBRUGARH,
NANDED,0,0,0,0,0,0,0,0,0,0,0,0,2016,NANDED,
DEHRADUN,34736,36877,62764,70431,75550,69813,65340,64585,67325,79480,80485,73311,2016,DEHRADUN,
AMRITSAR,81174,84718,82622,84005,78262,72987,80814,81392,78572,91706,91185,88790,2016,AMRITSAR,
VIJAYAWADA,39692,39871,38432,42877,51699,48092,52263,56312,51052,56599,56645,54355,2016,VIJAYAWADA,
TIRUPATI,33837,33629,34605,37482,40926,43766,45430,45646,37828,37642,36713,42788,2016,TIRUPATI,
RAJKOT,38118,36938,31295,29021,32730,28416,33486,35594,34536,34352,32059,37717,2016,RAJKOT,
JABALPUR,1166,9926,10724,12250,11813,12307,13446,13182,13195,13772,13309,15284,2016,JABALPUR,
RAJAHMUNDRY,20318,19051,20859,23307,21791,19545,17553,21245,18636,24804,24327,22352,2016,RAJAHMUNDRY,
BHOPAL,58426,56240,52037,59264,69513,60599,61309,59398,58824,55744,51077,52865,2016,BHOPAL,
GOA,482114,449520,455157,423238,463411,439243,463183,464774,474477,482432,526830,577428,2016,GOA,
KOLKATA,905698,810572,903170,898519,1028204,975423,1057477,1010933,1048767,1214107,1180812,1359551,2016,KOLKATA,
KANPUR(Chakeri),4,10,0,21,76,0,10,48,42,37,40,874,2016,KANPUR,Chakeri)
JORHAT,4578,4061,4408,4112,4525,4179,4241,3790,3706,4056,5250,6514,2016,JORHAT,
VARANASI,132214,138824,152595,143011,137625,127980,140164,136964,132484,156610,183318,158717,2016,VARANASI,
TUTICORIN,8126,7920,7997,8354,8556,8323,8447,8724,8573,8115,7836,7873,2016,TUTICORIN,
TEZPUR,0,0,0,470,768,711,786,614,554,774,546,696,2016,TEZPUR,
KHAJURAHO,8660,9167,8816,5088,1358,1248,2131,3018,2401,6793,8415,6051,2016,KHAJURAHO,
BHAVNAGAR,3625,3055,2511,589,1750,0,486,2049,1995,2382,2861,2758,2016,BHAVNAGAR,
BANGALORE (BIAL),1365078,1330652,1379475,1485502,1634634,1458251,1617371,1583068,1511573,1701964,1729088,1825171,2016,BANGALORE,BIAL)
PUNE,456906,447998,470397,490436,544142,499713,536124,531417,513568,519945,560130,577508,2016,PUNE,
MYSORE,0,0,0,0,0,0,0,0,0,15,0,5,2016,MYSORE,
LAKHIMPUR (LILABARI),141,601,801,708,0,795,918,922,900,1075,945,956,2016,LAKHIMPUR,LILABARI)
BARAPANI,0,0,0,0,1261,0,0,0,0,0,0,0,2016,BARAPANI,
TRICHY,13028,12544,11951,12474,15043,15810,15865,15784,15414,14126,13622,13196,2016,TRICHY,
BHUJ,13356,12898,12228,14970,16024,12123,14064,14905,14899,14782,15793,18348,2016,BHUJ,
GUGGAL(KANGRA),6080,6506,8377,10191,12422,11576,9659,8924,9293,7742,7517,7489,2016,GUGGAL,KANGRA)
LAKHIMPUR,0,0,0,0,860,0,0,0,0,0,0,0,2016,LAKHIMPUR,
JUHU,16048,14132,14756,14160,14764,14458,14322,14446,14270,14984,15090,15044,2016,JUHU,
AURANGABAD,27176,26183,25593,25502,27219,26506,27552,29158,26813,24689,23767,29602,2016,AURANGABAD,
MADURAI,60202,56319,58833,59922,62323,58682,59749,55968,55627,55781,55656,57868,2016,MADURAI,
JAMMU,92146,98317,100105,92784,88204,84604,87392,94762,99678,105430,96673,101317,2016,JAMMU,
LENGPUI(AIZWAL),14863,14426,15305,15677,16339,16750,16768,16794,16018,21475,22641,25331,2016,LENGPUI,AIZWAL)
DURGAPUR,0,0,0,1787,1416,776,0,0,0,0,0,0,2016,DURGAPUR,
LUCKNOW,209789,228323,240964,238172,249974,248717,264440,263922,261328,278566,306427,306187,2016,LUCKNOW,
AGATTI,2660,2514,2794,2524,2884,2444,2040,2098,2363,2692,2318,3017,2016,AGATTI,
CALICUT,33897,27826,27135,34029,37692,33520,37499,39868,40144,35409,33184,37447,2016,CALICUT,
NAGPUR (MIPL),138082,127809,126120,130391,142720,134879,139719,139055,131674,145910,170061,182399,2016,NAGPUR,MIPL)
SHOLAPUR,0,0,0,0,0,0,0,0,0,0,0,0,2016,SHOLAPUR,
AGARTALA,85437,79979,86422,86773,97054,93449,96307,90737,97429,102226,97543,118256,2016,AGARTALA,
ALLAHABAD,3241,3560,3717,3448,3256,3212,3659,4178,3924,4557,5118,2961,2016,ALLAHABAD,
UDAIPUR,85871,86771,86299,80303,85349,78026,81274,79831,83949,91807,100419,114801,2016,UDAIPUR,
INDORE,149848,142668,141765,139700,163052,128101,134979,136429,124239,129438,147954,179671,2016,INDORE,
AGRA,1654,0,436,8,230,278,627,499,593,1339,1150,0,2017,AGRA,
PANTNAGAR,566,0,1530,1696,1674,1575,1400,1338,1485,1273,1077,0,2017,PANTNAGAR,
MUMBAI (MIAL),2951492,2585901,2636364,2631112,2994953,2744459,2773280,2827209,2711355,2901098,3000848,3112940,2017,MUMBAI,MIAL)
TRIVANDRUM,144015,120570,115530,137572,158190,150578,145164,151280,155534,156814,165153,180628,2017,TRIVANDRUM,
DIMAPUR,15073,0,12742,14206,15686,15159,13156,16230,15950,15491,15433,17238,2017,DIMAPUR,
PORBANDAR,329,0,919,746,467,441,3218,4637,4319,4678,4938,0,2017,PORBANDAR,
BHATINDA,0,0,0,871,1294,1302,1147,1292,1347,1473,1008,0,2017,BHATINDA,
IMPHAL,79965,73444,78993,77731,82376,80289,87436,80202,76901,83536,85909,86961,2017,IMPHAL,
SRINAGAR,106148,149331,188098,215418,237690,211987,233697,180054,186089,191957,168047,197064,2017,SRINAGAR,
AHMEDABAD,535050,493805,505382,545094,617059,550456,522391,561253,562299,653043,648463,702628,2017,AHMEDABAD,
CUDDAPAH,0,0,4,41,2854,2483,2848,3218,2627,2388,3261,0,2017,CUDDAPAH,
PORTBLAIR,135829,117436,121858,121073,133857,109584,76390,83737,97624,131470,124560,157060,2017,PORTBLAIR,
LEH,26928,35544,42767,42346,77810,90895,82402,76029,76620,48352,37231,39925,2017,LEH,
PATNA,185245,189968,213542,220340,249894,235257,242852,244116,242770,298521,290818,242025,2017,PATNA,
PONDICHERRY,0,0,0,0,0,0,0,0,0,0,0,0,2017,PONDICHERRY,
CHANDIGARH,130540,156587,189578,0,0,0,0,0,0,0,0,0,2017,CHANDIGARH,
BHUNTAR,1307,0,3183,2736,2734,2500,2267,1973,2197,2884,2681,0,2017,BHUNTAR,
COIMBATORE,191171,160715,163070,171649,192479,174642,171020,160754,167177,174500,183948,199558,2017,COIMBATORE,
COCHIN(CIAL),386896,327648,307159,342550,339300,356887,367994,387609,378667,403417,409693,473101,2017,COCHIN,CIAL)
JAIPUR,304865,281147,288593,302200,301542,290603,316908,341728,337934,376719,375930,405701,2017,JAIPUR,
BELGAUM,7399,8260,8660,8581,8999,8551,9107,9093,8536,14374,14418,15924,2017,BELGAUM,
HYDERABAD (GHIAL),1100983,1026493,1042748,1080938,1065930,1084587,1135005,1124138,1110439,1220747,1239827,1358551,2017,HYDERABAD,GHIAL)
RAIPUR,130130,119490,122204,101501,114965,106963,123863,127746,121732,134243,153165,162418,2017,RAIPUR,
GAYA,7598,6868,4254,3293,2960,3591,2770,3830,4984,5133,4309,6065,2017,GAYA,
VADODARA,98925,87005,83236,77708,93061,79997,73966,77129,71766,85982,86843,90838,2017,VADODARA,
GUWAHATI,382383,330546,352934,369806,381658,364474,386416,372856,382497,392835,378546,406996,2017,GUWAHATI,
GORKHPUR,0,0,11143,11822,12772,12066,12138,11936,12004,8499,0,0,2017,GORKHPUR,
VISAKHAPATNAM,210085,181583,182421,187247,221700,199826,178421,171678,168749,190724,188119,206195,2017,VISAKHAPATNAM,
HUBLI,1983,0,1524,1386,2140,2294,2557,3659,3679,3619,3573,0,2017,HUBLI,
KOLHAPUR,0,0,0,6,0,0,0,0,0,0,0,0,2017,KOLHAPUR,
JAMNAGAR,5997,0,5013,5240,6379,5587,5234,5303,5040,5857,6391,6686,2017,JAMNAGAR,
CHENNAI,1239920,1055267,1161219,1187664,1281038,1155771,1172430,1112549,1178322,1171079,1211049,1313452,2017,CHENNAI,
CHANDIGARH(JV AIRPOR,0,0,0,0,217675,0,195239,188084,0,151800,0,0,2017,CHANDIGARH,JV AIRPOR
RANCHI,100777,94183,105095,107574,123246,119448,118747,121463,119828,155345,169683,179708,2017,RANCHI,
DELHI (DIAL),3751564,3486137,3737036,3710715,4097748,3882652,3787827,3814545,3748037,4155542,4042207,4331354,2017,DELHI,DIAL)
GWALIOR,1356,0,1727,1537,1712,1986,1859,2014,1444,2625,2502,0,2017,GWALIOR,
MANGALORE,92439,78157,76652,85807,125074,111599,117425,119022,113959,130416,132953,143148,2017,MANGALORE,
SURAT,21126,0,23367,28173,40830,50625,62865,66569,60409,61968,61866,58692,2017,SURAT,
JODHPUR,39893,38314,35966,32340,33502,32934,34758,36347,34021,37592,39669,48683,2017,JODHPUR,
BIKANER,0,0,0,128,174,177,194,169,810,3609,3332,0,2017,BIKANER,
BAGDOGRA,143694,135927,177891,186293,214764,197896,142593,165609,165312,183756,175916,203477,2017,BAGDOGRA,
BHUBANESWAR,252016,209061,218099,220533,246358,217628,212422,239040,217924,268618,281154,297775,2017,BHUBANESWAR,
DIU,1926,0,1525,1559,1771,1403,1237,1536,1340,1948,1899,0,2017,DIU,
BARAPANI (SHILLONG),1102,0,999,1309,2207,1074,972,948,0,937,0,0,2017,BARAPANI,SHILLONG)
SILCHAR,22727,21161,23258,24446,25155,25216,30112,30800,31806,30480,29855,35168,2017,SILCHAR,
DIBRUGARH,28026,25270,26749,27721,28110,28349,29171,27003,25164,28541,28483,28818,2017,DIBRUGARH,
NANDED,6,0,0,269,2198,1940,1930,2513,2279,2095,2712,0,2017,NANDED,
DEHRADUN,69685,72650,93909,89679,92054,91904,89593,87696,87484,95255,86472,92291,2017,DEHRADUN,
AMRITSAR,94447,87354,98803,110531,114987,115030,120527,124537,123239,159311,160150,162932,2017,AMRITSAR,
VIJAYAWADA,51408,49906,51148,54659,53568,52926,59716,63386,62011,62047,58220,56871,2017,VIJAYAWADA,
LUDHIANA,0,0,0,0,8,10,0,13,2056,1886,656,0,2017,LUDHIANA,
TIRUPATI,41103,36951,39754,41811,41882,42242,52486,52236,43840,44227,42053,41779,2017,TIRUPATI,
RAJKOT,38585,35887,33135,28322,28733,26764,31044,30136,27461,28931,30090,33845,2017,RAJKOT,
JABALPUR,17054,16422,17960,17404,19002,17743,17716,17766,18358,17840,18453,21486,2017,JABALPUR,
RAJAHMUNDRY,24871,22394,20523,20627,23133,21408,19798,21404,18579,17132,16598,16372,2017,RAJAHMUNDRY,
BHOPAL,47087,47232,51487,50192,60188,56524,56395,59506,54997,61840,61538,64572,2017,BHOPAL,
GOA,615843,549790,570953,528104,559169,539589,528251,532481,503904,567796,568706,618056,2017,GOA,
KOLKATA,1336962,1169993,1255713,1268187,1422796,1314802,1257092,1330204,1395782,1524034,1466433,1608851,2017,KOLKATA,
KANPUR(Chakeri),604,0,948,798,1100,0,0,0,0,0,0,0,2017,KANPUR,Chakeri)
JORHAT,6465,0,5638,6388,6073,5791,5981,6355,5590,5607,6762,6713,2017,JORHAT,
CHANDIGARH  (JV AIRPORT),0,0,0,200912,0,203293,0,0,180319,0,153091,139807,2017,CHANDIGARH,JV AIRPORT)
VARANASI,170304,171290,153150,128153,128597,144180,143944,144312,137983,166791,174855,170431,2017,VARANASI,
GORAKHPUR,0,0,0,0,0,0,0,0,0,0,5352,0,2017,GORAKHPUR,
TUTICORIN,8615,0,10691,8105,7917,7909,8741,8159,8135,8037,7441,7799,2017,TUTICORIN,
TEZPUR,656,0,712,776,768,663,570,678,590,833,742,0,2017,TEZPUR,
KHAJURAHO,8161,0,7058,3205,1236,1135,2036,2675,2423,6383,7913,5674,2017,KHAJURAHO,
BHAVNAGAR,2676,0,2325,2585,2566,2636,2593,2724,2870,3089,2872,0,2017,BHAVNAGAR,
BANGALORE (BIAL),1802314,1493490,1439540,1504943,1847667,1757678,1796729,1829612,1791883,1961737,1951875,2136680,2017,BANGALORE,BIAL)
PUNE,596653,564861,577508,580176,647432,623947,629128,651608,625006,668284,680771,714714,2017,PUNE,
MYSORE,6,0,5,0,0,0,0,0,0,0,0,0,2017,MYSORE,
LAKHIMPUR (LILABARI),1054,0,970,1104,1144,961,1038,973,0,1244,0,0,2017,LAKHIMPUR,LILABARI)
BARAPANI,0,0,0,0,0,0,0,0,1131,0,1014,0,2017,BARAPANI,
TRICHY,13843,11811,11882,9429,9632,9974,9631,9648,11833,12007,11128,12975,2017,TRICHY,
BHUJ,18534,17266,14803,5056,10236,12583,13739,14167,13868,15141,16570,17635,2017,BHUJ,
GUGGAL(KANGRA),6920,0,8997,11326,12957,12423,12517,12620,12707,12508,8796,11152,2017,GUGGAL,KANGRA)
SHIMLA,0,0,0,172,1048,853,743,595,930,365,982,0,2017,SHIMLA,
LAKHIMPUR,0,0,0,0,0,0,0,0,1067,0,1249,0,2017,LAKHIMPUR,
JUHU,15278,12724,14986,17302,14088,13226,13072,12796,14004,13888,13960,13706,2017,JUHU,
JAISALMER,0,0,0,0,0,0,0,0,0,664,6205,0,2017,JAISALMER,
AURANGABAD,28780,27161,27827,25547,26414,25232,29433,28236,27517,26436,30137,31037,2017,AURANGABAD,
MADURAI,60721,56453,72384,97285,93410,84290,82781,81489,81985,87816,92505,102793,2017,MADURAI,
JAMMU,90203,100183,118707,113247,111369,116914,111420,106085,119218,121963,129447,131550,2017,JAMMU,
LENGPUI(AIZWAL),23226,0,23734,22366,25420,25040,27133,27549,26333,22996,24150,0,2017,LENGPUI,AIZWAL)
DURGAPUR,15,0,1415,1548,1629,1443,474,181,92,10,0,0,2017,DURGAPUR,
LUCKNOW,306896,287272,295450,289634,305857,303019,286694,301208,290914,323722,340220,374561,2017,LUCKNOW,
AGATTI,3207,0,2497,2888,3916,2619,2803,2928,4002,3288,3154,0,2017,AGATTI,
CALICUT,38822,33064,39302,46012,46012,36805,40562,46536,41640,41966,39360,44178,2017,CALICUT,
NAGPUR (MIPL),173060,145859,146485,145138,174351,166272,152245,159983,146423,163162,175903,209235,2017,NAGPUR,MIPL)
AGARTALA,111539,92584,99970,102567,119259,103408,108106,112502,102326,116220,112308,125352,2017,AGARTALA,
ALLAHABAD,3456,0,3846,3637,4064,3599,4050,4030,3970,4045,3585,3800,2017,ALLAHABAD,
UDAIPUR,111015,93238,89887,77066,77902,77427,79675,85831,81373,88893,107559,118235,2017,UDAIPUR,
INDORE,175602,159424,163996,169658,187134,180888,178541,180139,168513,182196,192608,211699,2017,INDORE,
KOLKATA,1613646,1490946,1612976,1553971,1638225,1555156,1560646,1498055,1470304,1660866,1598921,1686133,2018,KOLKATA,
GORAKHPUR,0,5977,9302,14547,15189,13829,14378,14243,21283,22949,23834,24401,2018,GORAKHPUR,
AMRITSAR,164297,162880,167462,142076,128814,123733,129990,125752,131106,143240,148238,176898,2018,AMRITSAR,
SALEM,0,0,0,3738,3799,3380,3275,3429,3293,3515,3223,3646,2018,SALEM,
IMPHAL,85521,75625,85019,95663,98742,104147,106538,98542,98944,107444,110535,128370,2018,IMPHAL,
PORBANDAR,5051,4345,4499,3992,4866,4323,4178,4689,4766,4501,4736,5756,2018,PORBANDAR,
ADAMPUR (JALANDHAR),0,0,0,0,3964,3498,3757,3950,0,4264,4085,4192,2018,ADAMPUR,JALANDHAR)
BHOPAL,66447,60463,66068,69237,69619,65039,56100,56182,56838,57091,63949,71928,2018,BHOPAL,
MANGALORE,145531,132476,142592,153193,157711,137096,131980,136350,125993,127264,117822,124419,2018,MANGALORE,
DELHI,0,4065409,4434031,4383869,4420077,4276157,4351957,4283128,0,4303012,4037360,4370713,2018,DELHI,
KHAJURAHO,7720,8634,7397,4226,1524,1660,2181,2641,2559,5914,7225,6011,2018,KHAJURAHO,
COIMBATORE,191854,201119,211494,225837,241292,226518,213535,219729,219773,221591,238593,256332,2018,COIMBATORE,
KISHANGARH,0,0,0,0,0,0,0,0,0,0,4151,3909,2018,KISHANGARH,
PATNA,236756,277927,329997,331739,336053,349477,353649,349169,339481,375076,359687,318565,2018,PATNA,
JAMNAGAR,6801,6496,6923,6182,6762,5917,6974,7035,6710,6878,7064,7492,2018,JAMNAGAR,
MUMBAI,0,2917790,3105654,3020411,3083721,2873863,2993363,2948251,0,2819341,2832982,3046880,2018,MUMBAI,
BHUBANESWAR,327750,295555,334159,316697,349292,338182,313793,322027,343420,352671,314760,372077,2018,BHUBANESWAR,
BARAPANI,651,838,896,0,0,0,0,0,1149,0,0,0,2018,BARAPANI,
RANCHI,176907,180396,199749,203141,209661,176281,177025,173079,154184,186702,178586,198673,2018,RANCHI,
DIU,1980,1779,2064,1965,2570,2029,1592,1972,2007,1868,2252,2455,2018,DIU,
SHIRDI,0,0,0,6169,5593,5594,6850,6968,8724,15753,23343,24740,2018,SHIRDI,
VARANASI,183631,193690,220049,199676,213741,194497,203656,191017,196660,215190,243886,211323,2018,VARANASI,
MUNDRA,0,57,67,306,222,134,0,13,0,182,0,0,2018,MUNDRA,
VIJAYAWADA,64528,63484,94976,97578,107964,101821,105316,97914,91697,99338,88953,99829,2018,VIJAYAWADA,
BANGALORE,0,2089470,2225771,2285077,2358276,2296655,2399010,2377057,0,2457167,2426691,2644995,2018,BANGALORE,
BANGALORE (BIAL),2202335,0,0,0,0,0,0,0,2295397,0,0,0,2018,BANGALORE,BIAL)
PUNE,706234,668425,696009,727429,762191,762335,743367,739376,709400,747483,723070,756288,2018,PUNE,
MADURAI,115407,105280,115678,109060,116454,110401,102220,105510,89171,94862,92031,95913,2018,MADURAI,
GWALIOR,2441,2272,2140,2494,2142,2060,1906,2143,1867,2275,2233,2225,2018,GWALIOR,
HYDERABAD (GHIAL),1403049,0,0,0,0,0,0,0,1411773,0,0,0,2018,HYDERABAD,GHIAL)
BARAPANI (SHILLONG),0,0,0,1479,1817,1145,840,995,0,1284,987,1054,2018,BARAPANI,SHILLONG)
LEH,37816,40418,42166,60152,95504,98330,96537,91145,88840,64636,45838,48110,2018,LEH,
JALGAON,0,0,0,201,526,269,9,250,0,0,0,0,2018,JALGAON,
TRIVANDRUM,182924,165410,166880,163229,175264,163142,176811,212864,153950,135723,149579,157324,2018,TRIVANDRUM,
JAISALMER,8345,3775,7468,5694,3795,1859,3018,3760,3679,7672,7742,25223,2018,JAISALMER,
GUGGAL(KANGRA),8630,11821,11774,12159,14593,11075,8291,10411,12058,12076,9875,10179,2018,GUGGAL,KANGRA)
COCHIN(CIAL),503516,431932,408401,446215,467572,402288,432820,219091,417792,414167,432859,542726,2018,COCHIN,CIAL)
TUTICORIN,7780,7831,8289,8228,8527,8283,12600,19623,18535,19502,14086,17245,2018,TUTICORIN,
AURANGABAD,31256,28377,30477,30756,29863,25746,27313,28265,28185,28934,31292,35018,2018,AURANGABAD,
LAKHIMPUR,1077,1155,994,0,0,0,0,0,0,0,0,0,2018,LAKHIMPUR,
JABALPUR,19708,17966,19472,20161,21250,18194,16542,16059,15433,16651,18812,20461,2018,JABALPUR,
RAJAHMUNDRY,27186,29474,36290,35897,39673,36710,43199,43247,42774,43096,35886,36522,2018,RAJAHMUNDRY,
VISAKHAPATNAM,212554,195069,226292,219838,233939,217345,224437,224950,214967,234385,210844,252977,2018,VISAKHAPATNAM,
UDAIPUR,121019,117840,114031,103760,96056,92997,98777,100540,102111,107184,132655,156161,2018,UDAIPUR,
LUDHIANA,1013,1737,1880,1417,1281,1048,1302,1826,1881,1533,1956,1551,2018,LUDHIANA,
VIJAYANAGAR,0,0,0,5882,6282,6121,6296,6489,6637,6885,6500,6643,2018,VIJAYANAGAR,
JORHAT,6743,6571,6840,7978,8467,9673,9532,10919,12035,15435,15658,20998,2018,JORHAT,
KANNUR(KIAL),0,0,0,0,0,0,0,0,0,0,0,16005,2018,KANNUR,KIAL)
CHANDIGARH  (JV AIRPORT),132535,0,0,0,0,0,0,0,0,0,0,0,2018,CHANDIGARH,JV AIRPORT)
BELGAUM,17363,15531,17689,19620,9177,3349,3349,3672,4961,4836,5047,5402,2018,BELGAUM,
NANDED,8738,8435,8788,8499,8960,9029,8756,8862,9264,8706,9845,11404,2018,NANDED,
PORTBLAIR,185688,152928,175958,164137,182063,132569,90016,95607,124218,150336,160100,179856,2018,PORTBLAIR,
PATHANKOT,0,0,0,864,1196,886,1030,997,1049,1195,1171,966,2018,PATHANKOT,
AGRA,2089,2195,1496,929,551,687,864,1186,1682,2377,2687,2637,2018,AGRA,
DIBRUGARH,29583,26688,29220,29218,29345,28430,29972,27676,29472,30881,30919,33190,2018,DIBRUGARH,
RAIPUR,155911,155903,169724,167934,175103,167523,164846,159833,161112,164264,163378,193888,2018,RAIPUR,
BHUNTAR,1834,1998,4324,2788,2626,3065,1953,1772,2373,2429,2318,1867,2018,BHUNTAR,
INDORE,200975,194248,219790,235389,228874,223112,248551,254140,266551,269223,268608,315556,2018,INDORE,
LENGPUI(AIZWAL),23702,22119,25352,19789,20003,19714,19860,19446,19336,19816,20439,21826,2018,LENGPUI,AIZWAL)
JODHPUR,48137,48030,43226,35137,33430,32737,30975,33314,38596,44241,49895,57182,2018,JODHPUR,
BIKANER,3594,3373,3732,5529,4148,3811,4918,5188,5055,5533,5429,4690,2018,BIKANER,
TIRUPATI,53826,53826,74524,71523,68803,69165,76666,74224,69702,62591,66189,70997,2018,TIRUPATI,
SHIMLA,1040,1204,984,1117,1412,926,467,424,0,533,599,1079,2018,SHIMLA,
PANTNAGAR,366,1163,1212,1341,2412,1235,1176,746,0,1116,1223,889,2018,PANTNAGAR,
TEZPUR,748,714,751,757,1971,1673,181,159,0,193,273,279,2018,TEZPUR,
AGARTALA,129328,113340,134374,0,138024,131243,133252,126510,105874,113996,101579,116749,2018,AGARTALA,
CHENNAI,1381653,1288017,1386793,1354180,1468773,1331082,1422726,1364769,1384777,1408338,1294069,1487727,2018,CHENNAI,
RAJKOT,34863,32362,32876,29132,29177,28748,28409,29153,28277,30427,27015,28883,2018,RAJKOT,
DEHRADUN,98171,104689,109649,104661,119283,100509,93973,88290,95470,107041,103173,107027,2018,DEHRADUN,
JAMMU,131116,123810,127826,108116,107499,100799,102588,107031,109212,111665,115650,127415,2018,JAMMU,
NASIK,0,0,0,146,0,0,0,0,3314,0,0,0,2018,NASIK,
CUDDAPAH,4927,5064,8709,8799,9894,9560,9175,9488,9039,10431,9276,10132,2018,CUDDAPAH,
MUMBAI (MIAL),3129079,0,0,0,0,0,0,0,2847387,0,0,0,2018,MUMBAI,MIAL)
SHOLAPUR,0,0,0,0,4,0,0,0,0,0,0,0,2018,SHOLAPUR,
TRICHY,14243,12640,13879,19758,20515,27362,35325,32156,35528,28895,23821,26773,2018,TRICHY,
LAKHIMPUR (LILABARI),0,0,0,1035,906,869,790,832,0,745,603,570,2018,LAKHIMPUR,LILABARI)
KOLHAPUR,0,0,8,165,453,269,21,282,0,0,0,2799,2018,KOLHAPUR,
DURGAPUR,0,0,0,2265,3492,3451,2941,3241,3330,3669,4076,4086,2018,DURGAPUR,
NASIK (HAL OZAR),0,0,0,0,221,1865,2934,4140,0,3568,3271,3532,2018,NASIK,HAL OZAR)
DELHI (DIAL),4238135,0,0,0,0,0,0,0,4174874,0,0,0,2018,DELHI,DIAL)
BAGDOGRA,198923,182994,213672,222006,253399,251607,217320,204728,213708,254818,259535,262361,2018,BAGDOGRA,
LUCKNOW,401778,383910,412374,397011,377011,381924,380765,376217,372127,411536,367421,418501,2018,LUCKNOW,
HUBLI,7400,6125,7197,6175,15410,23392,44067,40871,43826,47137,50253,50045,2018,HUBLI,
SRINAGAR,202350,187791,212604,230200,239914,237312,247733,228406,230331,215200,211364,232847,2018,SRINAGAR,
BHATINDA,1017,1468,4594,4203,4001,3844,3672,2970,3297,3479,2573,2874,2018,BHATINDA,
HYDERABAD,0,1277628,1370234,1383381,1420081,1346233,1449387,1397785,0,1492375,1403883,1586235,2018,HYDERABAD,
VADODARA,93590,86298,91328,89847,90627,84389,85484,77922,86319,91676,107467,117556,2018,VADODARA,
PONDICHERRY,0,0,0,7798,8627,7768,7335,8006,7252,7066,5078,7313,2018,PONDICHERRY,
CHANDIGARH,0,63204,163732,151967,56440,153714,181914,193354,195517,200293,183223,170879,2018,CHANDIGARH,
NAGPUR (MIPL),201769,0,0,0,0,0,0,0,214009,0,0,0,2018,NAGPUR,MIPL)
BHAVNAGAR,3449,4318,4035,4179,4392,4012,3818,3520,3822,3354,4320,3905,2018,BHAVNAGAR,
MYSORE,0,0,0,3598,4187,3485,3845,3606,3350,4518,3306,3652,2018,MYSORE,
JAIPUR,415045,406340,359311,368067,362145,376525,410243,402433,411496,419130,396142,445431,2018,JAIPUR,
JAGDALPUR,0,0,0,0,0,432,164,44,0,6,0,0,2018,JAGDALPUR,
CALICUT,43724,41911,42266,55834,58681,42770,55458,71268,54046,46918,54137,55788,2018,CALICUT,
AHMEDABAD,715862,658875,586048,638968,735481,699360,741035,714728,753265,742680,782257,817025,2018,AHMEDABAD,
KOTA,0,0,0,69,11,2,0,1,0,22,0,7,2018,KOTA,
NAGPUR,0,183324,202209,212213,215845,203575,209340,210844,0,216589,250097,268353,2018,NAGPUR,
ADAMPUR,0,0,0,0,0,0,0,0,4198,0,0,0,2018,ADAMPUR,
GOA,639048,572322,614565,602367,610800,589919,575115,591140,615470,637506,681499,725831,2018,GOA,
SURAT,60804,63291,65373,63369,67159,70751,70610,88396,87478,107132,133344,147091,2018,SURAT,
DIMAPUR,17006,14267,16568,17536,17478,17285,18325,16041,15185,15012,15030,17079,2018,DIMAPUR,
SILCHAR,37127,32926,33864,31821,29886,28647,35956,29368,30404,36132,33794,36550,2018,SILCHAR,
AGATTI,4001,3056,3373,3605,3096,2666,2688,2024,2470,3209,3695,4252,2018,AGATTI,
PAKYONG,0,0,0,0,0,0,0,0,0,2771,3130,4106,2018,PAKYONG,
BHUJ,18122,17073,16589,15633,15330,13510,13728,13359,13623,16442,18185,19241,2018,BHUJ,
KANPUR(Chakeri),0,17,0,0,18,80,4020,4042,4036,10888,22802,25510,2018,KANPUR,Chakeri)
GUWAHATI,398969,373038,428513,449585,456770,447046,484909,420105,427733,503705,490006,552958,2018,GUWAHATI,
ALLAHABAD,3644,3713,3710,3635,4040,6866,7865,11067,7474,7992,12692,18536,2018,ALLAHABAD,
JUHU,13390,12530,13908,13166,12564,11400,11845,11724,11962,12312,11666,12724,2018,JUHU,
GAYA,6906,5839,8529,0,4704,4614,4822,5456,5709,6506,5557,6483,2018,GAYA,
KANDLA,0,0,0,3761,3998,3765,4003,4056,4149,4134,4436,4497,2018,KANDLA,
KOLKATA,1699005,1539124,1630139,1523407,1572344,1590278,1573876,1519913,1492883,1741150,1756556,1794579,2019,KOLKATA,
GORAKHPUR,28079,30511,33904,42198,67590,70297,58260,48170,57735,63851,62692,57055,2019,GORAKHPUR,
AMRITSAR,168627,148219,158600,133326,131517,138259,130063,125861,110707,137652,149020,173781,2019,AMRITSAR,
SALEM,3644,3125,3337,3260,3444,3290,3096,3093,2801,3031,3037,3274,2019,SALEM,
IMPHAL,121461,95341,111434,105914,116195,114559,121419,112132,103362,115584,107065,104607,2019,IMPHAL,
PORBANDAR,6617,4412,4856,6001,6530,5544,6426,6032,4931,6880,7020,7342,2019,PORBANDAR,
ADAMPUR (JALANDHAR),4174,0,0,0,0,0,0,0,0,0,0,0,2019,ADAMPUR,JALANDHAR)
BHOPAL,84349,77016,82471,93423,120252,125225,116491,119381,108606,129472,111410,118855,2019,BHOPAL,
MANGALORE,119044,94294,93245,95717,113011,104959,106594,116120,102587,109792,120490,132284,2019,MANGALORE,
DELHI,4206828,3826998,3889794,3581007,3857847,0,4337904,4277039,4225477,4421886,4636673,4522659,2019,DELHI,
KHAJURAHO,6627,6129,2637,2508,1483,350,1428,2003,1914,0,5131,4831,2019,KHAJURAHO,
COIMBATORE,254612,227488,218372,198764,154768,212992,235142,232436,222616,215439,235772,267775,2019,COIMBATORE,
KISHANGARH,3523,3597,3940,7704,10663,10361,8850,11265,10521,11550,11948,11976,2019,KISHANGARH,
PATNA,297246,316555,335293,323908,385791,429181,394270,396104,352121,401720,459324,370641,2019,PATNA,
MUMBAI,2984842,2529642,2412096,2328891,2839095,0,2867461,2965436,2841489,2914226,3074219,3118558,2019,MUMBAI,
JAMNAGAR,7365,4459,4540,6724,7157,5083,3710,4539,4895,0,6582,6730,2019,JAMNAGAR,
PITHORAGARH,0,0,0,0,0,0,0,0,541,0,238,1214,2019,PITHORAGARH,
BHUBANESWAR,368728,326029,346735,328473,324546,345311,292574,281706,296175,288375,299605,306549,2019,BHUBANESWAR,
BARAPANI,0,431,397,0,1638,1542,1953,2958,2687,0,0,3062,2019,BARAPANI,
RANCHI,208672,186481,197553,178798,218697,229892,210840,209955,206790,218228,228014,217740,2019,RANCHI,
DIU,1944,1559,1601,1972,2121,1831,1592,1416,1748,2182,2467,3523,2019,DIU,
SHIRDI,41288,37188,46830,44549,47680,48717,51652,51179,49524,55720,26580,31043,2019,SHIRDI,
VARANASI,219534,243682,253449,196652,222381,223534,221735,222985,221246,227163,289044,247205,2019,VARANASI,
MUNDRA,0,37,0,0,127,282,410,248,159,133,317,134,2019,MUNDRA,
HINDON,0,0,0,0,0,0,0,0,0,243,0,0,2019,HINDON,
VIJAYAWADA,97979,91303,98867,94903,111134,108351,94751,124292,73896,93686,91568,95215,2019,VIJAYAWADA,
BANGALORE,2603329,2236283,2445004,2319400,2492324,0,2331749,2362574,2237442,2385204,2481058,2542865,2019,BANGALORE,
BANGALORE (BIAL),0,0,0,0,0,2348284,0,0,0,0,0,0,2019,BANGALORE,BIAL)
PUNE,759074,692477,696476,678370,552195,687661,707762,698106,672484,671104,697456,731770,2019,PUNE,
MADURAI,97344,80038,85333,83272,93340,93296,97448,96528,93560,87178,90661,85891,2019,MADURAI,
GWALIOR,2023,1931,2034,2114,7803,10965,12819,13103,10633,0,12743,13736,2019,GWALIOR,
BARAPANI (SHILLONG),904,0,0,0,0,0,0,0,0,0,0,0,2019,BARAPANI,SHILLONG)
HYDERABAD (GHIAL),0,0,0,0,0,1487112,0,0,0,0,0,0,2019,HYDERABAD,GHIAL)
LEH,45001,42081,45515,58837,89042,94710,87471,85678,79953,64324,42354,41335,2019,LEH,
JALGAON,12,20,0,0,5,0,14,0,2622,0,2486,2149,2019,JALGAON,
TRIVANDRUM,158654,133184,125184,131312,137152,130631,132176,143362,142486,133949,152152,190127,2019,TRIVANDRUM,
JAISALMER,27240,22697,15983,5894,6517,5769,7752,11291,10663,13674,25542,28843,2019,JAISALMER,
GUGGAL(KANGRA),8535,0,0,0,0,0,0,0,0,0,0,0,2019,GUGGAL,KANGRA)
COCHIN(CIAL),542525,451789,442148,441879,502750,463318,409772,403181,452375,423261,406863,416618,2019,COCHIN,CIAL)
TUTICORIN,17861,16130,16807,19121,20491,18346,19054,20344,19009,18839,21923,23473,2019,TUTICORIN,
AURANGABAD,33150,25750,22447,17741,18296,17314,16983,15120,15060,21868,38139,62027,2019,AURANGABAD,
LAKHIMPUR,0,1384,1496,2505,2513,1490,1070,1070,1515,1705,1775,1637,2019,LAKHIMPUR,
JABALPUR,24038,24422,28264,30310,33655,33057,28557,17497,18660,27984,30336,25537,2019,JABALPUR,
RAJAHMUNDRY,27241,26497,29687,27971,31719,32173,32669,31488,30768,37886,39170,40187,2019,RAJAHMUNDRY,
VISAKHAPATNAM,237926,212507,218905,203964,252328,228473,207388,192784,191513,207935,228932,243710,2019,VISAKHAPATNAM,
UDAIPUR,152632,133715,115260,89111,95722,97452,93211,94410,85571,95989,129240,133211,2019,UDAIPUR,
LUDHIANA,1330,1272,1522,1635,1469,1643,1850,1480,1500,1622,1125,967,2019,LUDHIANA,
VIJAYANAGAR,6478,5946,5818,5721,5924,6353,6235,6133,4533,5016,6113,6535,2019,VIJAYANAGAR,
JORHAT,19934,11878,9931,10221,10277,10754,10365,9342,9067,10497,14131,16143,2019,JORHAT,
KANNUR(KIAL),30917,41174,47079,81036,86248,72893,73351,79592,67295,70503,64084,57547,2019,KANNUR,KIAL)
BELGAUM,5203,3932,5493,4880,12967,14266,19180,21175,21339,26624,29640,32571,2019,BELGAUM,
NANDED,12505,11031,11387,11380,11018,12908,10580,11873,9310,0,11014,13502,2019,NANDED,
PORTBLAIR,164428,118007,150544,145354,158971,128785,96484,108854,127355,154124,154990,167597,2019,PORTBLAIR,
PATHANKOT,1075,774,1038,1222,1156,1505,901,1024,936,1158,1082,773,2019,PATHANKOT,
AGRA,2845,2766,2527,1961,1589,954,536,1703,1796,0,0,821,2019,AGRA,
PASIGHAT,0,0,0,0,37,18,27,72,89,113,181,359,2019,PASIGHAT,
DIBRUGARH,33992,31952,32882,38055,37777,39658,47448,40496,39914,52202,50718,48194,2019,DIBRUGARH,
RAIPUR,192377,156286,162004,164867,190896,180206,169991,169307,157467,182410,197829,201842,2019,RAIPUR,
BHUNTAR,2005,1760,2955,2943,3048,2829,2006,1633,1811,2634,2060,2430,2019,BHUNTAR,
INDORE,305061,274698,269175,230821,252131,233415,227494,226396,224737,228475,258397,276007,2019,INDORE,
LENGPUI(AIZWAL),21077,14916,9364,10913,12173,10990,12519,12178,11127,16168,25083,26136,2019,LENGPUI,AIZWAL)
JODHPUR,54818,51505,44996,20965,18954,17555,7671,13965,32069,47708,79560,91406,2019,JODHPUR,
BIKANER,5375,5159,4870,5263,4949,1600,3366,4879,5273,4904,3006,3160,2019,BIKANER,
TIRUPATI,68924,67934,67934,72711,79517,82309,73424,68589,62812,62445,70774,75046,2019,TIRUPATI,
SHIMLA,420,679,526,0,1075,975,981,263,487,1330,653,1226,2019,SHIMLA,
PANTNAGAR,1800,1381,2500,1795,2381,4694,1700,1807,1918,3121,2468,2054,2019,PANTNAGAR,
TEZPUR,286,332,333,0,390,454,334,271,299,379,310,371,2019,TEZPUR,
AGARTALA,117423,102773,114345,106262,120895,124156,126496,127288,119518,127378,145071,145363,2019,AGARTALA,
CHENNAI,1468050,1368146,1248693,1236864,1412599,1400670,1428539,1421479,1374679,1379897,1487523,1545835,2019,CHENNAI,
RAJKOT,29078,24278,21491,12896,14059,12640,9611,13041,14477,19409,27826,28795,2019,RAJKOT,
DEHRADUN,100121,102679,117946,102792,110377,120932,106784,98487,105422,118482,118767,124394,2019,DEHRADUN,
JAMMU,115834,107449,121055,116126,126424,133234,127860,108229,120027,123245,135940,116776,2019,JAMMU,
GAGGAL(KANGRA),0,7352,10415,16205,17327,17013,13362,13650,14236,0,0,9838,2019,GAGGAL,KANGRA)
NASIK,0,9049,8015,8785,8261,7487,7520,8144,6559,6437,9911,11934,2019,NASIK,
CUDDAPAH,9564,8065,8706,9229,9997,9314,9091,9328,7691,8833,9212,10155,2019,CUDDAPAH,
MUMBAI (MIAL),0,0,0,0,0,2891923,0,0,0,0,0,0,2019,MUMBAI,MIAL)
SHOLAPUR,4,0,7,0,0,0,0,0,0,0,0,0,2019,SHOLAPUR,
TRICHY,27477,24791,25657,24007,24959,24561,25271,23703,22799,21582,23994,26539,2019,TRICHY,
LAKHIMPUR (LILABARI),1228,0,0,0,0,0,0,0,0,0,0,0,2019,LAKHIMPUR,LILABARI)
KOLHAPUR,4661,4261,4367,4889,9693,12334,11009,10501,12663,12614,13317,10746,2019,KOLHAPUR,
DURGAPUR,3991,4472,6695,5589,7427,7569,10611,9720,9311,15150,20487,23460,2019,DURGAPUR,
NASIK (HAL OZAR),3456,0,0,0,0,0,0,0,0,0,0,0,2019,NASIK,HAL OZAR)
DELHI (DIAL),0,0,0,0,0,4032767,0,0,0,0,0,0,2019,DELHI,DIAL)
PRAYAGRAJ,0,0,0,16814,25319,33078,32613,34710,32829,0,0,38776,2019,PRAYAGRAJ,
BAGDOGRA,252639,224817,259165,244969,303128,300092,270419,250894,250507,300037,284824,287492,2019,BAGDOGRA,
LUCKNOW,403912,408335,402361,374932,409354,404641,387815,391642,375666,431442,436965,415019,2019,LUCKNOW,
HUBLI,50113,45101,44072,49517,54926,45973,37757,24583,36266,39701,37762,41984,2019,HUBLI,
SRINAGAR,206309,211296,233739,255325,273694,286747,271921,213729,228301,242233,220956,171942,2019,SRINAGAR,
BHATINDA,3093,1536,2372,3115,3032,3826,3339,2280,2389,1747,955,1008,2019,BHATINDA,
HYDERABAD,1555455,1460094,1512239,1460332,1587978,0,1486539,1481202,1323290,1561707,1638936,1687237,2019,HYDERABAD,
VADODARA,122923,108637,92869,76415,90285,85856,85028,84433,89350,98348,105045,108994,2019,VADODARA,
PONDICHERRY,7578,5658,7267,6274,6826,6371,5017,2975,3558,6201,5579,7426,2019,PONDICHERRY,
CHANDIGARH,162518,151513,170813,182841,190838,176164,185821,178081,192267,203241,222798,204292,2019,CHANDIGARH,
NAGPUR (MIPL),0,0,0,0,0,265401,0,0,0,0,0,0,2019,NAGPUR,MIPL)
JHARSUGUDA,0,0,0,10507,13126,19551,16036,18196,17794,21842,20472,22035,2019,JHARSUGUDA,
BHAVNAGAR,4091,3700,3570,3534,3655,3103,3201,3767,3472,3753,3979,4172,2019,BHAVNAGAR,
MYSORE,3603,3283,3305,3284,3644,4775,8940,13659,13983,15788,17071,18847,2019,MYSORE,
JAIPUR,461208,404937,408985,341685,363494,374707,355879,358661,358736,390731,435824,428833,2019,JAIPUR,
JAGDALPUR,0,0,0,0,12,32,2,54,41,40,36,18,2019,JAGDALPUR,
CALICUT,46756,36370,34546,46705,48332,46303,47496,47523,44166,38225,44664,49848,2019,CALICUT,
AHMEDABAD,846643,786402,768577,693015,778258,746265,752589,760381,720228,757703,857384,844314,2019,AHMEDABAD,
KOTA,0,6,5,0,0,0,0,0,0,0,0,0,2019,KOTA,
NAGPUR,263607,223071,208696,210777,272484,0,248035,243228,241207,248988,267770,270099,2019,NAGPUR,
ADAMPUR,0,3725,4074,4053,3467,4202,3891,4376,4145,4730,4884,4885,2019,ADAMPUR,
GOA,730395,656742,668797,619588,655588,632929,613030,640482,621771,640500,694102,715293,2019,GOA,
SURAT,140548,129481,130481,131732,151031,134471,126648,121160,100232,117414,140744,129124,2019,SURAT,
DIMAPUR,16452,13239,14860,14736,15327,15258,17629,14503,14106,0,15711,20105,2019,DIMAPUR,
SILCHAR,36843,28413,28851,26277,25890,29157,31542,30124,32259,40988,37636,40689,2019,SILCHAR,
AGATTI,4191,3321,3124,3050,2870,3756,2966,2619,3754,0,0,3774,2019,AGATTI,
PAKYONG,5754,2085,1117,2363,1386,0,0,0,0,0,0,0,2019,PAKYONG,
BHUJ,19473,13752,6118,2269,2172,1911,1919,2084,2109,2482,3553,3572,2019,BHUJ,
KANPUR(Chakeri),24709,20063,18198,14541,15071,22404,16881,18481,12859,0,23757,23476,2019,KANPUR,Chakeri)
GUWAHATI,544731,456492,480521,467107,490805,490032,500799,445573,410791,488033,486927,443334,2019,GUWAHATI,
ALLAHABAD,31352,36677,26595,0,0,0,0,0,0,0,0,0,2019,ALLAHABAD,
JUHU,13292,11872,13184,12406,12936,13868,12860,13024,12990,13586,14482,13812,2019,JUHU,
GAYA,5281,4390,6358,3202,2569,3590,2187,8858,9711,10697,12570,12795,2019,GAYA,
KANDLA,4234,2518,2787,4190,5791,6405,6705,6915,6936,7480,7903,10160,2019,KANDLA,
